﻿<?xml version="1.0" encoding="utf-8"?>
<V2XConfiguration xmlns:xsd="http://www.w3.org/2001/XMLSchema" xmlns:xsi="http://www.w3.org/2001/XMLSchema-instance" version="3">
  <Transceivers />
  <TransmissionRange rangeMeters="500" isRangeInfinite="false" />
  <ChannelModel communicationModel="cutoff" />
  <RootMessages>
    <RootMessage messageType="BSM" displayName="SAE BSM" version="1" enabled="false" uniqueID="1" />
    <RootMessage messageType="CAM" displayName="ETSI CAM" version="1" enabled="false" uniqueID="2" />
    <RootMessage messageType="CSAEBSM" displayName="CSAE BSM" version="1" enabled="false" uniqueID="3" />
    <RootMessage messageType="DENM" displayName="ETSI DENM" version="1" enabled="false" uniqueID="4" />
    <RootMessage messageType="Generic" version="1" enabled="false" uniqueID="5" />
  </RootMessages>
</V2XConfiguration>