<?xml version="1.0"?>
<TrafficSimulatorViewModel xmlns:xsd="http://www.w3.org/2001/XMLSchema" xmlns:xsi="http://www.w3.org/2001/XMLSchema-instance" RunDuringSimulation="false" ReportUnsupportedRoads="true" GenerateOnBuild="false" ApplicationDirectory="" ExperimentFileName="">
  <EgoVehicle UniqueID="0" />
  <PreScanVehicles>
    <Vehicle UniqueID="4876" />
    <Vehicle UniqueID="6648" />
    <Vehicle UniqueID="9040" />
    <Vehicle UniqueID="18645" />
    <Vehicle UniqueID="18857" />
  </PreScanVehicles>
  <ExternallyControlledVehicles />
  <ObjectPoolGenerateInfo NumberOfCars="0" NumberOfTrucks="0" NumberOfMotorbikes="0" NumberOfBicycles="0" NumberOfPedestrians="0" />
  <Origin X="0" Y="0" />
</TrafficSimulatorViewModel>